037000862086,Pampers,Baby,Size 1,44
037000862093,Pampers,Baby,Size 2,37
037000862161,Pampers,Baby,Size 3,56
037000862109,Pampers,Baby,Size 3,32
037000420224,Pampers,Baby,Size 3,60
037000862116,Pampers,Baby,Size 4,28
037000862253,Pampers,Baby,Size 5,78
037000862123,Pampers,Baby,Size 5,24
037000262510,Pampers,Baby,Size 5,27
037000909668,Pampers,Baby,Size 5,78
037000862130,Pampers,Baby,Size 6,21
037000262572,Pampers,Baby,Size 6,23
037000278481,Pampers,Cruisers,Size 3,31
037000862598,Pampers,Cruisers,Size 4,24
037000810384,Pampers,Cruisers,Size 4,26
037000819493,Pampers,Cruisers,Size 5,52
037000862703,Pampers,Cruisers,Size 5,66
037000862604,Pampers,Cruisers,Size 5,21
037000819509,Pampers,Cruisers,Size 5,72
037000279402,Pampers,Cruisers,Size 5,23
3700086357,Pampers,Swaddlers,Newborn,88
037000863427,Pampers,Swaddlers,Size 1,35
037000863434,Pampers,Swaddlers,Size 2,32
037000285229,Pampers,Swaddlers,Size Newborn,36
037000863410,Pampers,Swaddlers,Size Newborn,32
037000859246,Luvs,With Ultra Leakguards,Size 3,34
037000859345,Luvs,With Ultra Leakguards,Size 3,104
037000859352,Luvs,With Ultra Leakguards,Size 4,88
037000859253,Luvs,With Ultra Leakguards,Size 4,29
037000859260,Luvs,With Ultra Leakguards,Size 5,25
037000859369,Luvs,With Ultra Leakguards,Size 5,74
036000413137,Huggies,Good Nights,Jumbo - Boy,14
036000413151,Huggies,Good Nights,Large - Boy,11
036000407662,Huggies,Little Movers - Disney,Size 3,28
036000407679,Huggies,Little Movers - Disney,Size 4,22
036000407983,Huggies,Little Movers - Disney,Size 5,21
036000408089,Huggies,Little Movers - Disney,Size 5,50
036000407990,Huggies,Little Movers - Disney,Size 6,18
036000408096,Huggies,Little Movers - Disney,Size 6,42
036000386257,Huggies,Little Movers Slip On,Size 3,29
036000258097,Huggies,Little Movers Slip On,Size 4,23
036000258103,Huggies,Little Movers Slip On,Size 5,20
036000407655,Huggies,Little Snugglers,Size 2,32
036000369380,Huggies,Little Snugglers,Size 2,36
036000408072,Huggies,Little Snugglers,Size Newborn,72
036000305234,Huggies,Little Snugglers,Size Newborn,76
036000407976,Huggies,Little Snugglers,Size Newborn,32
036000183450,Huggies,Little Swimmers,Size Large,10
036000183429,Huggies,Little Swimmers,Size Medium,11
036000183399,Huggies,Little Swimmers,Size Small,12
036000412475,Huggies,Pull-ups,4T-5T/Girls,18
036000406535,Huggies,Snug & Dry,Size 1,44
036000430875,Huggies,Snug & Dry,Size 3,32
036000430899,Huggies,Snug & Dry,Size 4,29
036000431063,Huggies,Snug & Dry,Size 4,66
036000406696,Huggies,Snug & Dry,Size 4,28
036000364347,Huggies,Snug & Dry,Size 6,23
036000406672,Huggies,Snug & Dry - Disney,Size 2,38
036000406689,Huggies,Snug & Dry - Disney,Size 3,32
036000407013,Huggies,Snug & Dry - Disney,Size 3,80
036000407020,Huggies,Snug & Dry - Disney,Size 4,68
036000407037,Huggies,Snug & Dry - Disney,Size 5,58
036000406702,Huggies,Snug & Dry - Disney,Size 5,24
036000407044,Huggies,Snug & Dry - Disney,Size 6,48
036000406740,Huggies,Snug & Dry - Disney,Size 6,21
732913440603,Seventh Generation,Free and Clear Baby Diapers,Size 1,40
642125286541,Seventh Generation,Free and Clear Stage 3 Baby Diaper,16-28lbs,62
717851130861,Babies R Us,Ultra Absorbent,Size 3,84
817810013928,The Honest Company,Giraffes,Newborn,40
023923050402,Earth's Best,Chlorine Free,Size 3,35
023923050501,Earth's Best, TenderCare Chlorine-Free Diapers,Size 4,120
023923050600,Earth's Best, TenderCare Chlorine Free Diapers,Size 5,26
